company,year,employees_start,employees_end,new_hires,layoffs,net_change,hiring_rate_pct,attrition_rate_pct,revenue_billions_usd,stock_price_change_pct,gdp_growth_us_pct,unemployment_rate_us_pct,is_estimated,confidence_level,data_quality_score,employee_growth_pct,layoff_ratio
AMD,2001,13387,14400,2083,1070,1013,15.6,8.0,3.89,25.1,1.0,4.7,False,Medium,95,7.567042653320385,0.07992828863823112
AMD,2002,14400,12500,0,1900,-1900,0.0,13.2,2.7,42.8,1.7,5.8,False,Medium,95,-13.194444444444445,0.13194444444444445
AMD,2003,12500,12000,0,500,-500,0.0,4.0,3.52,-1.8,2.8,6.0,False,Medium,95,-4.0,0.04
AMD,2004,12000,11700,60,360,-300,0.5,3.0,5.0,-18.6,3.8,5.5,False,Medium,95,-2.5,0.03
AMD,2005,11700,9860,0,1840,-1840,0.0,15.7,5.85,15.2,3.5,5.1,False,Medium,95,-15.726495726495726,0.15726495726495726
AMD,2006,9860,16000,6435,295,6140,65.3,3.0,5.65,47.2,2.8,4.6,False,Medium,95,62.27180527383367,0.029918864097363083
AMD,2007,16000,16420,900,480,420,5.6,3.0,6.01,-8.1,2.0,4.6,False,Medium,95,2.625,0.03
AMD,2008,16420,10300,0,6120,-6120,0.0,37.3,5.81,-19.7,0.1,5.8,False,Medium,95,-37.27161997563947,0.37271619975639464
AMD,2009,10300,10400,924,824,100,9.0,8.0,5.4,35.6,-2.6,9.3,False,Medium,95,0.9708737864077669,0.08
AMD,2010,10400,11100,1012,312,700,9.7,3.0,6.49,0.0,2.7,9.6,False,High,95,6.730769230769231,0.03
AMD,2011,11100,11100,333,333,0,3.0,3.0,6.57,-27.6,1.6,8.9,False,High,95,0.0,0.03
AMD,2012,11100,10600,0,500,-500,0.0,4.5,5.42,38.7,2.3,8.1,False,High,95,-4.504504504504505,0.04504504504504504
AMD,2013,10600,10149,0,451,-451,0.0,4.3,5.3,7.4,1.8,7.4,False,High,95,-4.254716981132075,0.042547169811320756
AMD,2014,10149,9700,0,449,-449,0.0,4.4,5.51,2.9,2.5,6.2,False,High,95,-4.424081190265051,0.04424081190265051
AMD,2015,9700,9700,291,291,0,3.0,3.0,3.99,43.8,2.9,5.3,False,High,95,0.0,0.03
AMD,2016,9700,8900,0,800,-800,0.0,8.2,4.27,40.9,1.6,4.9,False,High,95,-8.24742268041237,0.08247422680412371
AMD,2017,8900,9100,467,267,200,5.2,3.0,5.33,-4.8,2.4,4.4,False,High,95,2.247191011235955,0.03
AMD,2018,9100,10100,1273,273,1000,14.0,3.0,6.48,34.7,2.9,3.9,False,High,95,10.989010989010989,0.03
AMD,2019,10100,11400,1603,303,1300,15.9,3.0,6.73,36.8,2.3,3.7,False,High,95,12.871287128712872,0.03
AMD,2020,11400,13900,2842,342,2500,24.9,3.0,9.76,18.6,-2.8,8.1,False,High,95,21.929824561403507,0.03
AMD,2021,13900,15500,2017,417,1600,14.5,3.0,16.43,43.6,5.8,5.4,False,High,95,11.510791366906476,0.03
AMD,2022,15500,26000,11430,930,10500,73.7,6.0,23.6,-23.5,1.9,3.6,False,High,95,67.74193548387096,0.06
AMD,2023,26000,26000,1560,1560,0,6.0,6.0,22.68,40.5,2.5,3.7,False,High,95,0.0,0.06
AMD,2024,26000,28000,2780,780,2000,10.7,3.0,25.8,28.6,2.8,4.1,True,Medium,85,7.6923076923076925,0.03
AMD,2025,28000,29000,1840,840,1000,6.6,3.0,28.5,22.5,2.3,4.2,True,Medium,85,3.571428571428571,0.03
Adobe,2001,3007,3000,233,240,-7,7.7,8.0,1.23,29.0,1.0,4.7,False,Medium,95,-0.2327901563019621,0.07981376787495843
Adobe,2002,3000,2900,140,240,-100,4.7,8.0,1.17,-5.3,1.7,5.8,False,Medium,95,-3.3333333333333335,0.08
Adobe,2003,2900,3100,287,87,200,9.9,3.0,1.3,-17.4,2.8,6.0,False,Medium,95,6.896551724137931,0.03
Adobe,2004,3100,3300,293,93,200,9.5,3.0,1.67,-26.5,3.8,5.5,False,Medium,95,6.451612903225806,0.03
Adobe,2005,3300,3142,0,158,-158,0.0,4.8,1.97,48.8,3.5,5.1,False,Medium,95,-4.787878787878788,0.04787878787878788
Adobe,2006,3142,6082,3034,94,2940,96.6,3.0,2.58,44.7,2.8,4.6,False,Medium,95,93.57097390197326,0.02991725015913431
Adobe,2007,6082,6500,600,182,418,9.9,3.0,3.16,21.1,2.0,4.6,False,Medium,95,6.872739230516278,0.029924366984544558
Adobe,2008,6500,7335,1355,520,835,20.8,8.0,3.58,30.0,0.1,5.8,False,Medium,95,12.846153846153847,0.08
Adobe,2009,7335,6735,0,600,-600,0.0,8.2,2.95,31.5,-2.6,9.3,False,Medium,95,-8.1799591002045,0.081799591002045
Adobe,2010,6735,9117,2584,202,2382,38.4,3.0,3.8,16.9,2.7,9.6,False,High,95,35.367483296213805,0.029992576095025984
Adobe,2011,9117,9925,1081,273,808,11.9,3.0,4.22,-15.0,1.6,8.9,False,High,95,8.862564440057035,0.029944060546232314
Adobe,2012,9925,11144,1516,297,1219,15.3,3.0,4.4,5.8,2.3,8.1,False,High,95,12.282115869017632,0.029924433249370278
Adobe,2013,11144,11847,1037,334,703,9.3,3.0,4.06,7.3,1.8,7.4,False,High,95,6.308327351040918,0.029971284996410625
Adobe,2014,11847,12499,1007,355,652,8.5,3.0,4.15,42.3,2.5,6.2,False,High,95,5.503502996539209,0.029965392082383725
Adobe,2015,12499,13893,1768,374,1394,14.1,3.0,4.8,17.2,2.9,5.3,False,High,95,11.15289223137851,0.02992239379150332
Adobe,2016,13893,15706,2229,416,1813,16.0,3.0,5.85,-3.9,1.6,4.9,False,High,95,13.04973727776578,0.029943136831497876
Adobe,2017,15706,17973,2738,471,2267,17.4,3.0,7.3,36.5,2.4,4.4,False,High,95,14.433974277346238,0.0299885394116898
Adobe,2018,17973,21357,3923,539,3384,21.8,3.0,9.03,32.8,2.9,3.9,False,High,95,18.828242363545318,0.029989428587325433
Adobe,2019,21357,22516,1799,640,1159,8.4,3.0,11.17,19.6,2.3,3.7,False,High,95,5.426792152455869,0.029966755630472446
Adobe,2020,22516,22634,793,675,118,3.5,3.0,12.87,21.0,-2.8,8.1,False,High,95,0.5240717711849352,0.029978681826256882
Adobe,2021,22634,25988,4033,679,3354,17.8,3.0,15.79,20.2,5.8,5.4,False,High,95,14.818414774233455,0.029999116373597243
Adobe,2022,25988,29239,4810,1559,3251,18.5,6.0,17.61,-26.8,1.9,3.6,False,High,95,12.5096198245344,0.059989225796521474
Adobe,2023,29239,29867,2382,1754,628,8.1,6.0,19.41,96.5,2.5,3.7,False,High,95,2.147816272786347,0.05998837169533842
Adobe,2024,29867,30000,1029,896,133,3.4,3.0,21.5,35.7,2.8,4.1,True,Medium,85,0.4453075300498878,0.029999665182308233
Adobe,2025,30000,30500,1400,900,500,4.7,3.0,23.0,19.9,2.3,4.2,True,Medium,85,1.6666666666666667,0.03
Airbnb,2009,17,20,4,1,3,23.5,5.9,0.0,-5.5,-2.6,9.3,True,Medium,85,17.647058823529413,0.058823529411764705
Airbnb,2010,20,50,30,0,30,150.0,0.0,0.02,-7.1,2.7,9.6,True,Medium,85,150.0,0.0
Airbnb,2011,50,150,101,1,100,202.0,2.0,0.08,24.7,1.6,8.9,True,Medium,85,200.0,0.02
Airbnb,2012,150,400,254,4,250,169.3,2.7,0.15,-1.9,2.3,8.1,True,Medium,85,166.66666666666669,0.02666666666666667
Airbnb,2013,400,700,312,12,300,78.0,3.0,0.25,-21.8,1.8,7.4,True,Medium,85,75.0,0.03
Airbnb,2014,700,1000,321,21,300,45.9,3.0,0.42,39.7,2.5,6.2,True,Medium,85,42.857142857142854,0.03
Airbnb,2015,1000,2000,1030,30,1000,103.0,3.0,0.92,-3.8,2.9,5.3,True,Medium,85,100.0,0.03
Airbnb,2016,2000,3100,1160,60,1100,58.0,3.0,1.66,39.0,1.6,4.9,True,Medium,85,55.00000000000001,0.03
Airbnb,2017,3100,4400,1393,93,1300,44.9,3.0,2.56,11.0,2.4,4.4,True,Medium,85,41.935483870967744,0.03
Airbnb,2018,4400,5300,1032,132,900,23.5,3.0,3.65,28.7,2.9,3.9,True,Medium,85,20.454545454545457,0.03
Airbnb,2019,5300,6100,959,159,800,18.1,3.0,4.81,43.6,2.3,3.7,True,Medium,85,15.09433962264151,0.03
Airbnb,2020,6100,5600,0,500,-500,0.0,8.2,3.38,93.4,-2.8,8.1,True,Medium,85,-8.19672131147541,0.08196721311475409
Airbnb,2021,5600,6800,1368,168,1200,24.4,3.0,5.99,78.9,5.8,5.4,True,Medium,85,21.428571428571427,0.03
Airbnb,2022,6800,6900,508,408,100,7.5,6.0,8.4,-53.3,1.9,3.6,True,Medium,85,1.4705882352941175,0.06
Airbnb,2023,6900,6900,414,414,0,6.0,6.0,9.92,92.0,2.5,3.7,True,Medium,85,0.0,0.06
Airbnb,2024,6900,7200,507,207,300,7.3,3.0,11.1,58.5,2.8,4.1,True,Medium,85,4.3478260869565215,0.03
Airbnb,2025,7200,7500,516,216,300,7.2,3.0,12.5,-7.9,2.3,4.2,True,Medium,85,4.166666666666666,0.03
Alphabet,2004,2567,3021,531,77,454,20.7,3.0,3.19,-10.1,3.8,5.5,False,Medium,95,17.6860148032723,0.02999610440202571
Alphabet,2005,3021,5680,2749,90,2659,91.0,3.0,6.14,-10.1,3.5,5.1,False,Medium,95,88.01721284342932,0.029791459781529295
Alphabet,2006,5680,10674,5164,170,4994,90.9,3.0,10.6,39.1,2.8,4.6,False,Medium,95,87.9225352112676,0.02992957746478873
Alphabet,2007,10674,16805,6451,320,6131,60.4,3.0,16.59,-2.5,2.0,4.6,False,Medium,95,57.43863593779277,0.029979389169945664
Alphabet,2008,16805,20222,4761,1344,3417,28.3,8.0,21.8,45.2,0.1,5.8,False,Medium,95,20.333234156501042,0.07997619756024993
Alphabet,2009,20222,19835,1230,1617,-387,6.1,8.0,23.65,-24.8,-2.6,9.3,False,Medium,95,-1.9137572940361982,0.07996241716941944
Alphabet,2010,19835,24400,5160,595,4565,26.0,3.0,29.32,18.3,2.7,9.6,False,High,95,23.01487269977313,0.02999747920342828
Alphabet,2011,24400,32467,8799,732,8067,36.1,3.0,37.91,-12.1,1.6,8.9,False,High,95,33.06147540983606,0.03
Alphabet,2012,32467,53861,22368,974,21394,68.9,3.0,50.18,-7.3,2.3,8.1,False,High,95,65.894600671451,0.029999691994948716
Alphabet,2013,53861,47756,0,6105,-6105,0.0,11.3,55.52,35.6,1.8,7.4,False,High,95,-11.33473199532129,0.1133473199532129
Alphabet,2014,47756,53600,7276,1432,5844,15.2,3.0,66.0,27.7,2.5,6.2,False,High,95,12.237205796130329,0.029985760951503477
Alphabet,2015,53600,61814,9822,1608,8214,18.3,3.0,74.99,7.6,2.9,5.3,False,High,95,15.324626865671643,0.03
Alphabet,2016,61814,72053,12093,1854,10239,19.6,3.0,90.27,41.3,1.6,4.9,False,High,95,16.56420875529815,0.02999320542271977
Alphabet,2017,72053,80110,10218,2161,8057,14.2,3.0,110.86,41.3,2.4,4.4,False,High,95,11.182046549068048,0.02999181158314019
Alphabet,2018,80110,98771,21064,2403,18661,26.3,3.0,136.82,-14.3,2.9,3.9,False,High,95,23.294220446885532,0.02999625514916989
Alphabet,2019,98771,118899,23091,2963,20128,23.4,3.0,161.86,-18.4,2.3,3.7,False,High,95,20.378451164815583,0.029998683824199412
Alphabet,2020,118899,135301,19968,3566,16402,16.8,3.0,182.53,32.4,-2.8,8.1,False,High,95,13.794901555101388,0.02999184181532225
Alphabet,2021,135301,156500,25258,4059,21199,18.7,3.0,257.64,53.2,5.8,5.4,False,High,95,15.668029061130367,0.029999778272148763
Alphabet,2022,156500,190234,43124,9390,33734,27.6,6.0,282.84,-38.0,1.9,3.6,False,High,95,21.555271565495207,0.06
Alphabet,2023,190234,182502,3682,11414,-7732,1.9,6.0,307.39,88.4,2.5,3.7,False,High,95,-4.0644679710251586,0.05999978973264506
Alphabet,2024,182502,183323,6296,5475,821,3.4,3.0,350.0,-5.5,2.8,4.1,True,Medium,85,0.4498580837470274,0.029999671236479602
Alphabet,2025,183323,185000,7176,5499,1677,3.9,3.0,380.0,6.3,2.3,4.2,True,Medium,85,0.9147788329887685,0.029996236151492175
Amazon,2001,9000,7800,0,1200,-1200,0.0,13.3,3.12,-7.5,1.0,4.7,False,Medium,95,-13.333333333333334,0.13333333333333333
Amazon,2002,7800,7500,324,624,-300,4.2,8.0,3.93,13.7,1.7,5.8,False,Medium,95,-3.8461538461538463,0.08
Amazon,2003,7500,7800,525,225,300,7.0,3.0,5.26,-26.9,2.8,6.0,False,Medium,95,4.0,0.03
Amazon,2004,7800,9000,1434,234,1200,18.4,3.0,6.92,-13.2,3.8,5.5,False,Medium,95,15.384615384615385,0.03
Amazon,2005,9000,12000,3270,270,3000,36.3,3.0,8.49,-9.3,3.5,5.1,False,Medium,95,33.33333333333333,0.03
Amazon,2006,12000,13900,2260,360,1900,18.8,3.0,10.71,-18.4,2.8,4.6,False,Medium,95,15.833333333333332,0.03
Amazon,2007,13900,17000,3517,417,3100,25.3,3.0,14.84,43.8,2.0,4.6,False,Medium,95,22.302158273381295,0.03
Amazon,2008,17000,20700,5060,1360,3700,29.8,8.0,19.17,-28.7,0.1,5.8,False,Medium,95,21.764705882352942,0.08
Amazon,2009,20700,24300,5256,1656,3600,25.4,8.0,24.51,32.7,-2.6,9.3,False,Medium,95,17.391304347826086,0.08
Amazon,2010,24300,33700,10129,729,9400,41.7,3.0,34.2,-7.6,2.7,9.6,False,High,95,38.68312757201646,0.03
Amazon,2011,33700,56200,23511,1011,22500,69.8,3.0,48.08,41.7,1.6,8.9,False,High,95,66.76557863501483,0.03
Amazon,2012,56200,88400,33886,1686,32200,60.3,3.0,61.09,-0.6,2.3,8.1,False,High,95,57.29537366548043,0.03
Amazon,2013,88400,117300,31552,2652,28900,35.7,3.0,74.45,36.9,1.8,7.4,False,High,95,32.69230769230769,0.03
Amazon,2014,117300,154100,40319,3519,36800,34.4,3.0,88.99,-2.8,2.5,6.2,False,High,95,31.372549019607842,0.03
Amazon,2015,154100,230800,81323,4623,76700,52.8,3.0,107.01,14.1,2.9,5.3,False,High,95,49.772874756651525,0.03
Amazon,2016,230800,341400,117524,6924,110600,50.9,3.0,135.99,13.2,1.6,4.9,False,High,95,47.92027729636049,0.03
Amazon,2017,341400,566000,234842,10242,224600,68.8,3.0,177.87,8.8,2.4,4.4,False,High,95,65.78793204452256,0.03
Amazon,2018,566000,647500,98480,16980,81500,17.4,3.0,232.89,19.9,2.9,3.9,False,High,95,14.39929328621908,0.03
Amazon,2019,647500,798000,169925,19425,150500,26.2,3.0,280.52,-10.9,2.3,3.7,False,High,95,23.243243243243246,0.03
Amazon,2020,798000,1298000,523940,23940,500000,65.7,3.0,386.06,94.5,-2.8,8.1,False,High,95,62.65664160401002,0.03
Amazon,2021,1298000,1608000,348940,38940,310000,26.9,3.0,469.82,72.4,5.8,5.4,False,High,95,23.882896764252695,0.03
Amazon,2022,1608000,1541000,29480,96480,-67000,1.8,6.0,514.0,-52.6,1.9,3.6,False,High,95,-4.166666666666666,0.06
Amazon,2023,1541000,1525000,76460,92460,-16000,5.0,6.0,575.0,42.8,2.5,3.7,False,High,95,-1.0382868267358858,0.06
Amazon,2024,1525000,1556000,76750,45750,31000,5.0,3.0,620.0,42.7,2.8,4.1,True,Medium,85,2.0327868852459017,0.03
Amazon,2025,1556000,1540000,30680,46680,-16000,2.0,3.0,670.0,-2.9,2.3,4.2,True,Medium,85,-1.0282776349614395,0.03
Apple,2001,8568,9600,1717,685,1032,20.0,8.0,5.36,-8.8,1.0,4.7,False,Medium,95,12.044817927170868,0.0799486461251167
Apple,2002,9600,10200,1368,768,600,14.2,8.0,5.74,38.4,1.7,5.8,False,Medium,95,6.25,0.08
Apple,2003,10200,10900,1006,306,700,9.9,3.0,6.21,33.6,2.8,6.0,False,Medium,95,6.862745098039216,0.03
Apple,2004,10900,12100,1527,327,1200,14.0,3.0,8.28,44.4,3.8,5.5,False,Medium,95,11.009174311926607,0.03
Apple,2005,12100,14800,3063,363,2700,25.3,3.0,13.93,-10.9,3.5,5.1,False,Medium,95,22.31404958677686,0.03
Apple,2006,14800,17787,3431,444,2987,23.2,3.0,19.32,7.0,2.8,4.6,False,Medium,95,20.18243243243243,0.03
Apple,2007,17787,21600,4346,533,3813,24.4,3.0,24.01,44.0,2.0,4.6,False,Medium,95,21.43700455388767,0.029965705290380614
Apple,2008,21600,32000,12128,1728,10400,56.1,8.0,32.48,29.0,0.1,5.8,False,Medium,95,48.148148148148145,0.08
Apple,2009,32000,34300,4860,2560,2300,15.2,8.0,36.54,23.2,-2.6,9.3,False,Medium,95,7.187499999999999,0.08
Apple,2010,34300,46600,13329,1029,12300,38.9,3.0,65.23,-22.9,2.7,9.6,False,High,95,35.8600583090379,0.03
Apple,2011,46600,60400,15198,1398,13800,32.6,3.0,108.25,-27.3,1.6,8.9,False,High,95,29.613733905579398,0.03
Apple,2012,60400,72800,14212,1812,12400,23.5,3.0,156.51,-4.5,2.3,8.1,False,High,95,20.52980132450331,0.03
Apple,2013,72800,80300,9684,2184,7500,13.3,3.0,170.91,-17.2,1.8,7.4,False,High,95,10.302197802197801,0.03
Apple,2014,80300,92600,14709,2409,12300,18.3,3.0,182.8,-15.4,2.5,6.2,False,High,95,15.317559153175592,0.03
Apple,2015,92600,110000,20178,2778,17400,21.8,3.0,233.72,14.4,2.9,5.3,False,High,95,18.790496760259177,0.03
Apple,2016,110000,116000,9300,3300,6000,8.5,3.0,215.64,-18.6,1.6,4.9,False,High,95,5.454545454545454,0.03
Apple,2017,116000,123000,10480,3480,7000,9.0,3.0,229.23,13.1,2.4,4.4,False,High,95,6.0344827586206895,0.03
Apple,2018,123000,132000,12690,3690,9000,10.3,3.0,265.6,16.2,2.9,3.9,False,High,95,7.317073170731707,0.03
Apple,2019,132000,137000,8960,3960,5000,6.8,3.0,260.17,12.7,2.3,3.7,False,High,95,3.787878787878788,0.03
Apple,2020,137000,147000,14110,4110,10000,10.3,3.0,274.52,93.1,-2.8,8.1,False,High,95,7.2992700729927,0.03
Apple,2021,147000,154000,11410,4410,7000,7.8,3.0,365.82,50.3,5.8,5.4,False,High,95,4.761904761904762,0.03
Apple,2022,154000,164000,19240,9240,10000,12.5,6.0,394.33,-31.3,1.9,3.6,False,High,95,6.493506493506493,0.06
Apple,2023,164000,161000,6840,9840,-3000,4.2,6.0,383.29,109.9,2.5,3.7,False,High,95,-1.8292682926829267,0.06
Apple,2024,161000,164000,7830,4830,3000,4.9,3.0,391.0,14.8,2.8,4.1,True,Medium,85,1.8633540372670807,0.03
Apple,2025,164000,166000,6920,4920,2000,4.2,3.0,416.2,-5.7,2.3,4.2,True,Medium,85,1.2195121951219512,0.03
Block,2010,42,50,9,1,8,21.4,2.4,0.02,7.6,2.7,9.6,True,Medium,85,19.047619047619047,0.023809523809523808
Block,2011,50,100,51,1,50,102.0,2.0,0.06,35.6,1.6,8.9,True,Medium,85,100.0,0.02
Block,2012,100,300,203,3,200,203.0,3.0,0.2,-19.3,2.3,8.1,True,Medium,85,200.0,0.03
Block,2013,300,500,209,9,200,69.7,3.0,0.55,28.3,1.8,7.4,True,Medium,85,66.66666666666666,0.03
Block,2014,500,800,315,15,300,63.0,3.0,0.85,14.4,2.5,6.2,True,Medium,85,60.0,0.03
Block,2015,800,1300,524,24,500,65.5,3.0,1.27,-11.2,2.9,5.3,True,Medium,85,62.5,0.03
Block,2016,1300,2000,739,39,700,56.8,3.0,1.71,6.7,1.6,4.9,True,Medium,85,53.84615384615385,0.03
Block,2017,2000,2900,960,60,900,48.0,3.0,2.21,12.3,2.4,4.4,True,Medium,85,45.0,0.03
Block,2018,2900,3500,687,87,600,23.7,3.0,3.3,19.6,2.9,3.9,True,Medium,85,20.689655172413794,0.03
Block,2019,3500,4500,1105,105,1000,31.6,3.0,4.71,18.7,2.3,3.7,True,Medium,85,28.57142857142857,0.03
Block,2020,4500,6500,2135,135,2000,47.4,3.0,9.5,56.8,-2.8,8.1,True,Medium,85,44.44444444444444,0.03
Block,2021,6500,8500,2195,195,2000,33.8,3.0,17.66,78.1,5.8,5.4,True,Medium,85,30.76923076923077,0.03
Block,2022,8500,13000,5010,510,4500,58.9,6.0,17.53,-53.8,1.9,3.6,True,Medium,85,52.94117647058824,0.06
Block,2023,13000,12000,0,1000,-1000,0.0,7.7,21.32,106.4,2.5,3.7,True,Medium,85,-7.6923076923076925,0.07692307692307693
Block,2024,12000,12500,860,360,500,7.2,3.0,23.5,48.3,2.8,4.1,True,Medium,85,4.166666666666666,0.03
Block,2025,12500,13000,875,375,500,7.0,3.0,25.0,22.2,2.3,4.2,True,Medium,85,4.0,0.03
Intel,2001,86100,83400,4188,6888,-2700,4.9,8.0,26.54,-10.1,1.0,4.7,False,Medium,95,-3.1358885017421603,0.08
Intel,2002,83400,78700,1972,6672,-4700,2.4,8.0,26.76,-9.0,1.7,5.8,False,Medium,95,-5.635491606714628,0.08
Intel,2003,78700,79700,3361,2361,1000,4.3,3.0,30.14,43.6,2.8,6.0,False,Medium,95,1.2706480304955527,0.03
Intel,2004,79700,85000,7691,2391,5300,9.6,3.0,34.21,48.9,3.8,5.5,False,Medium,95,6.649937264742785,0.03
Intel,2005,85000,99900,17450,2550,14900,20.5,3.0,38.83,-22.5,3.5,5.1,False,Medium,95,17.529411764705884,0.03
Intel,2006,99900,94100,0,5800,-5800,0.0,5.8,35.38,32.0,2.8,4.6,False,Medium,95,-5.805805805805806,0.05805805805805806
Intel,2007,94100,86300,0,7800,-7800,0.0,8.3,38.33,-23.1,2.0,4.6,False,Medium,95,-8.289054197662061,0.08289054197662062
Intel,2008,86300,83900,4504,6904,-2400,5.2,8.0,37.59,-4.6,0.1,5.8,False,Medium,95,-2.7809965237543453,0.08
Intel,2009,83900,79800,2612,6712,-4100,3.1,8.0,35.13,-4.3,-2.6,9.3,False,Medium,95,-4.886769964243146,0.08
Intel,2010,79800,82500,5094,2394,2700,6.4,3.0,43.62,22.9,2.7,9.6,False,High,95,3.3834586466165413,0.03
Intel,2011,82500,100100,20075,2475,17600,24.3,3.0,53.99,-6.0,1.6,8.9,False,High,95,21.333333333333336,0.03
Intel,2012,100100,105000,7903,3003,4900,7.9,3.0,53.34,35.3,2.3,8.1,False,High,95,4.895104895104895,0.03
Intel,2013,105000,107600,5750,3150,2600,5.5,3.0,52.71,14.4,1.8,7.4,False,High,95,2.4761904761904763,0.03
Intel,2014,107600,106700,2328,3228,-900,2.2,3.0,55.87,-13.0,2.5,6.2,False,High,95,-0.8364312267657992,0.03
Intel,2015,106700,107300,3801,3201,600,3.6,3.0,55.36,20.6,2.9,5.3,False,High,95,0.5623242736644799,0.03
Intel,2016,107300,106000,1919,3219,-1300,1.8,3.0,59.39,-2.4,1.6,4.9,False,High,95,-1.211556383970177,0.03
Intel,2017,106000,102700,0,3300,-3300,0.0,3.1,62.76,-3.0,2.4,4.4,False,High,95,-3.1132075471698113,0.031132075471698113
Intel,2018,102700,107400,7781,3081,4700,7.6,3.0,70.85,9.3,2.9,3.9,False,High,95,4.576436222005842,0.03
Intel,2019,107400,110800,6622,3222,3400,6.2,3.0,71.97,33.5,2.3,3.7,False,High,95,3.165735567970205,0.03
Intel,2020,110800,110600,3124,3324,-200,2.8,3.0,77.87,27.3,-2.8,8.1,False,High,95,-0.18050541516245489,0.03
Intel,2021,110600,121100,13818,3318,10500,12.5,3.0,79.02,18.4,5.8,5.4,False,High,95,9.49367088607595,0.03
Intel,2022,121100,131900,18066,7266,10800,14.9,6.0,63.05,-20.9,1.9,3.6,False,High,95,8.918249380677127,0.06
Intel,2023,131900,124800,814,7914,-7100,0.6,6.0,54.23,80.2,2.5,3.7,False,High,95,-5.382865807429871,0.06
Intel,2024,124800,116500,0,8300,-8300,0.0,6.7,54.2,29.8,2.8,4.1,True,Medium,85,-6.6506410256410255,0.06650641025641026
Intel,2025,116500,110000,0,6500,-6500,0.0,5.6,55.0,26.9,2.3,4.2,True,Medium,85,-5.579399141630901,0.055793991416309016
LinkedIn,2004,42,50,9,1,8,21.4,2.4,0.0,-5.1,3.8,5.5,False,Medium,95,19.047619047619047,0.023809523809523808
LinkedIn,2005,50,80,31,1,30,62.0,2.0,0.01,-20.8,3.5,5.1,False,Medium,95,60.0,0.02
LinkedIn,2006,80,120,42,2,40,52.5,2.5,0.01,3.4,2.8,4.6,False,Medium,95,50.0,0.025
LinkedIn,2007,120,200,83,3,80,69.2,2.5,0.03,-17.3,2.0,4.6,False,Medium,95,66.66666666666666,0.025
LinkedIn,2008,200,350,166,16,150,83.0,8.0,0.08,39.4,0.1,5.8,False,Medium,95,75.0,0.08
LinkedIn,2009,350,500,178,28,150,50.9,8.0,0.12,27.4,-2.6,9.3,False,Medium,95,42.857142857142854,0.08
LinkedIn,2010,500,1000,515,15,500,103.0,3.0,0.24,-0.4,2.7,9.6,False,High,95,100.0,0.03
LinkedIn,2011,1000,2100,1130,30,1100,113.0,3.0,0.52,-18.8,1.6,8.9,False,High,95,110.00000000000001,0.03
LinkedIn,2012,2100,3458,1421,63,1358,67.7,3.0,0.97,39.2,2.3,8.1,False,High,95,64.66666666666666,0.03
LinkedIn,2013,3458,5400,2045,103,1942,59.1,3.0,1.53,40.3,1.8,7.4,False,High,95,56.15962984384038,0.029786003470213998
LinkedIn,2014,5400,6897,1659,162,1497,30.7,3.0,2.22,17.0,2.5,6.2,False,High,95,27.72222222222222,0.03
LinkedIn,2015,6897,9200,2509,206,2303,36.4,3.0,2.99,-26.8,2.9,5.3,False,High,95,33.39132956357837,0.029868058576192548
LinkedIn,2016,9200,10800,1876,276,1600,20.4,3.0,3.62,-12.2,1.6,4.9,False,High,95,17.391304347826086,0.03
LinkedIn,2017,10800,12500,2024,324,1700,18.7,3.0,5.5,19.1,2.4,4.4,False,High,95,15.74074074074074,0.03
LinkedIn,2018,12500,14000,1875,375,1500,15.0,3.0,6.5,7.1,2.9,3.9,False,High,95,12.0,0.03
LinkedIn,2019,14000,16000,2420,420,2000,17.3,3.0,7.5,-10.7,2.3,3.7,False,High,95,14.285714285714285,0.03
LinkedIn,2020,16000,18000,2480,480,2000,15.5,3.0,8.05,75.2,-2.8,8.1,False,High,95,12.5,0.03
LinkedIn,2021,18000,19000,1540,540,1000,8.6,3.0,10.0,42.8,5.8,5.4,False,High,95,5.555555555555555,0.03
LinkedIn,2022,19000,20500,2640,1140,1500,13.9,6.0,13.82,-31.1,1.9,3.6,False,High,95,7.894736842105263,0.06
LinkedIn,2023,20500,19500,230,1230,-1000,1.1,6.0,15.69,96.9,2.5,3.7,False,High,95,-4.878048780487805,0.06
LinkedIn,2024,19500,20000,1085,585,500,5.6,3.0,17.5,-1.2,2.8,4.1,True,Medium,85,2.564102564102564,0.03
LinkedIn,2025,20000,20500,1100,600,500,5.5,3.0,19.0,6.1,2.3,4.2,True,Medium,85,2.5,0.03
Lyft,2013,85,100,17,2,15,20.0,2.4,0.01,-16.6,1.8,7.4,True,Medium,85,17.647058823529413,0.023529411764705882
Lyft,2014,100,300,203,3,200,203.0,3.0,0.05,-9.0,2.5,6.2,True,Medium,85,200.0,0.03
Lyft,2015,300,700,409,9,400,136.3,3.0,0.2,25.1,2.9,5.3,True,Medium,85,133.33333333333331,0.03
Lyft,2016,700,1500,821,21,800,117.3,3.0,0.7,22.1,1.6,4.9,True,Medium,85,114.28571428571428,0.03
Lyft,2017,1500,2500,1045,45,1000,69.7,3.0,1.06,33.6,2.4,4.4,True,Medium,85,66.66666666666666,0.03
Lyft,2018,2500,3800,1375,75,1300,55.0,3.0,2.16,49.2,2.9,3.9,True,Medium,85,52.0,0.03
Lyft,2019,3800,5100,1414,114,1300,37.2,3.0,3.62,16.3,2.3,3.7,True,Medium,85,34.21052631578947,0.03
Lyft,2020,5100,4800,0,300,-300,0.0,5.9,2.36,56.1,-2.8,8.1,True,Medium,85,-5.88235294117647,0.058823529411764705
Lyft,2021,4800,5400,744,144,600,15.5,3.0,3.21,35.3,5.8,5.4,True,Medium,85,12.5,0.03
Lyft,2022,5400,5900,824,324,500,15.3,6.0,4.1,-20.4,1.9,3.6,True,Medium,85,9.25925925925926,0.06
Lyft,2023,5900,4500,0,1400,-1400,0.0,23.7,4.1,23.7,2.5,3.7,True,Medium,85,-23.728813559322035,0.23728813559322035
Lyft,2024,4500,4800,435,135,300,9.7,3.0,4.7,36.8,2.8,4.1,True,Medium,85,6.666666666666667,0.03
Lyft,2025,4800,5000,344,144,200,7.2,3.0,5.2,21.0,2.3,4.2,True,Medium,85,4.166666666666666,0.03
Meta,2006,127,150,26,3,23,20.5,2.4,0.05,41.7,2.8,4.6,False,Medium,95,18.11023622047244,0.023622047244094488
Meta,2007,150,450,304,4,300,202.7,2.7,0.15,-23.8,2.0,4.6,False,Medium,95,200.0,0.02666666666666667
Meta,2008,450,700,286,36,250,63.6,8.0,0.27,42.9,0.1,5.8,False,Medium,95,55.55555555555556,0.08
Meta,2009,700,1200,556,56,500,79.4,8.0,0.78,-25.6,-2.6,9.3,False,Medium,95,71.42857142857143,0.08
Meta,2010,1200,2127,963,36,927,80.2,3.0,1.97,-4.7,2.7,9.6,False,High,95,77.25,0.03
Meta,2011,2127,3200,1136,63,1073,53.4,3.0,3.71,4.7,1.6,8.9,False,High,95,50.446638457921956,0.029619181946403384
Meta,2012,3200,4619,1515,96,1419,47.3,3.0,5.09,33.5,2.3,8.1,False,High,95,44.34375,0.03
Meta,2013,4619,6337,1856,138,1718,40.2,3.0,7.87,-1.0,1.8,7.4,False,High,95,37.194197878328644,0.02987659666594501
Meta,2014,6337,9199,3052,190,2862,48.2,3.0,12.47,-3.3,2.5,6.2,False,High,95,45.16332649518699,0.02998264162853085
Meta,2015,9199,12691,3767,275,3492,41.0,3.0,17.93,19.6,2.9,5.3,False,High,95,37.960647896510494,0.029894553755843028
Meta,2016,12691,17048,4737,380,4357,37.3,3.0,27.64,12.5,1.6,4.9,False,High,95,34.33141596406902,0.029942478922070758
Meta,2017,17048,25105,8568,511,8057,50.3,3.0,40.65,49.4,2.4,4.4,False,High,95,47.26067573908963,0.029974190520882214
Meta,2018,25105,35587,11235,753,10482,44.8,3.0,55.84,33.2,2.9,3.9,False,High,95,41.75263891655049,0.02999402509460267
Meta,2019,35587,44942,10422,1067,9355,29.3,3.0,70.7,10.0,2.3,3.7,False,High,95,26.287689324753423,0.02998285890915222
Meta,2020,44942,58604,15010,1348,13662,33.4,3.0,85.97,98.8,-2.8,8.1,False,High,95,30.39918116683726,0.02999421476569801
Meta,2021,58604,71970,15124,1758,13366,25.8,3.0,117.93,13.1,5.8,5.4,False,High,95,22.80731690669579,0.029997952358200804
Meta,2022,71970,86482,18830,4318,14512,26.2,6.0,116.61,-48.9,1.9,3.6,False,High,95,20.163957204390716,0.05999722106433236
Meta,2023,86482,67317,0,19165,-19165,0.0,22.2,134.9,86.8,2.5,3.7,False,High,95,-22.160680835318335,0.22160680835318333
Meta,2024,67317,74067,8769,2019,6750,13.0,3.0,164.5,15.1,2.8,4.1,True,Medium,85,10.027184812157405,0.029992423904808593
Meta,2025,74067,78450,6605,2222,4383,8.9,3.0,180.0,18.3,2.3,4.2,True,Medium,85,5.917615132245129,0.02999986498710627
Microsoft,2001,39100,47600,11628,3128,8500,29.7,8.0,25.3,8.6,1.0,4.7,False,Medium,95,21.73913043478261,0.08
Microsoft,2002,47600,50500,6708,3808,2900,14.1,8.0,28.37,39.8,1.7,5.8,False,Medium,95,6.092436974789916,0.08
Microsoft,2003,50500,55000,6015,1515,4500,11.9,3.0,32.19,-7.5,2.8,6.0,False,Medium,95,8.91089108910891,0.03
Microsoft,2004,55000,57000,3650,1650,2000,6.6,3.0,36.84,21.4,3.8,5.5,False,Medium,95,3.6363636363636362,0.03
Microsoft,2005,57000,61000,5710,1710,4000,10.0,3.0,39.79,-16.4,3.5,5.1,False,Medium,95,7.017543859649122,0.03
Microsoft,2006,61000,71000,11830,1830,10000,19.4,3.0,44.28,-15.2,2.8,4.6,False,Medium,95,16.39344262295082,0.03
Microsoft,2007,71000,79000,10130,2130,8000,14.3,3.0,51.12,48.6,2.0,4.6,False,Medium,95,11.267605633802818,0.03
Microsoft,2008,79000,91000,18320,6320,12000,23.2,8.0,60.42,3.1,0.1,5.8,False,Medium,95,15.18987341772152,0.08
Microsoft,2009,91000,93000,9280,7280,2000,10.2,8.0,58.44,33.7,-2.6,9.3,False,Medium,95,2.197802197802198,0.08
Microsoft,2010,93000,89000,0,4000,-4000,0.0,4.3,62.48,19.5,2.7,9.6,False,High,95,-4.301075268817205,0.043010752688172046
Microsoft,2011,89000,90000,3670,2670,1000,4.1,3.0,69.94,42.6,1.6,8.9,False,High,95,1.1235955056179776,0.03
Microsoft,2012,90000,94000,6700,2700,4000,7.4,3.0,73.72,-2.0,2.3,8.1,False,High,95,4.444444444444445,0.03
Microsoft,2013,94000,99000,7820,2820,5000,8.3,3.0,77.85,8.1,1.8,7.4,False,High,95,5.319148936170213,0.03
Microsoft,2014,99000,128000,31970,2970,29000,32.3,3.0,86.83,-23.9,2.5,6.2,False,High,95,29.292929292929294,0.03
Microsoft,2015,128000,118000,0,10000,-10000,0.0,7.8,93.58,12.9,2.9,5.3,False,High,95,-7.8125,0.078125
Microsoft,2016,118000,114000,0,4000,-4000,0.0,3.4,91.15,-13.8,1.6,4.9,False,High,95,-3.389830508474576,0.03389830508474576
Microsoft,2017,114000,124000,13420,3420,10000,11.8,3.0,96.57,5.3,2.4,4.4,False,High,95,8.771929824561402,0.03
Microsoft,2018,124000,131000,10720,3720,7000,8.6,3.0,110.36,22.3,2.9,3.9,False,High,95,5.64516129032258,0.03
Microsoft,2019,131000,144000,16930,3930,13000,12.9,3.0,125.84,-11.2,2.3,3.7,False,High,95,9.923664122137405,0.03
Microsoft,2020,144000,163000,23320,4320,19000,16.2,3.0,143.02,95.1,-2.8,8.1,False,High,95,13.194444444444445,0.03
Microsoft,2021,163000,181000,22890,4890,18000,14.0,3.0,168.09,15.9,5.8,5.4,False,High,95,11.042944785276074,0.03
Microsoft,2022,181000,221000,50860,10860,40000,28.1,6.0,198.27,-50.3,1.9,3.6,False,High,95,22.099447513812155,0.06
Microsoft,2023,221000,221000,13260,13260,0,6.0,6.0,211.92,27.0,2.5,3.7,False,High,95,0.0,0.06
Microsoft,2024,221000,228000,13630,6630,7000,6.2,3.0,245.0,57.5,2.8,4.1,True,Medium,85,3.167420814479638,0.03
Microsoft,2025,228000,228000,6840,6840,0,3.0,3.0,270.0,26.9,2.3,4.2,True,Medium,85,0.0,0.03
NVIDIA,2001,392,1157,796,31,765,203.1,7.9,1.37,-23.5,1.0,4.7,False,Medium,95,195.1530612244898,0.07908163265306123
NVIDIA,2002,1157,1603,538,92,446,46.5,8.0,1.91,35.7,1.7,5.8,False,Medium,95,38.54796888504753,0.07951598962834917
NVIDIA,2003,1603,2000,445,48,397,27.8,3.0,1.82,-7.5,2.8,6.0,False,Medium,95,24.76606363069245,0.02994385527136619
NVIDIA,2004,2000,2100,160,60,100,8.0,3.0,2.01,-13.2,3.8,5.5,False,Medium,95,5.0,0.03
NVIDIA,2005,2100,2101,64,63,1,3.0,3.0,2.38,-12.3,3.5,5.1,False,Medium,95,0.047619047619047616,0.03
NVIDIA,2006,2101,2700,662,63,599,31.5,3.0,3.07,-16.2,2.8,4.6,False,Medium,95,28.510233222275104,0.029985721085197526
NVIDIA,2007,2700,4205,1586,81,1505,58.7,3.0,4.1,-23.5,2.0,4.6,False,Medium,95,55.74074074074075,0.03
NVIDIA,2008,4205,5100,1231,336,895,29.3,8.0,3.43,0.4,0.1,5.8,False,Medium,95,21.284185493460168,0.07990487514863258
NVIDIA,2009,5100,5131,439,408,31,8.6,8.0,3.33,34.4,-2.6,9.3,False,Medium,95,0.607843137254902,0.08
NVIDIA,2010,5131,5706,728,153,575,14.2,3.0,3.54,5.2,2.7,9.6,False,High,95,11.206392516078736,0.029818748781913856
NVIDIA,2011,5706,6029,494,171,323,8.7,3.0,3.94,40.0,1.6,8.9,False,High,95,5.660708026638626,0.02996845425867508
NVIDIA,2012,6029,7133,1284,180,1104,21.3,3.0,4.28,-2.3,2.3,8.1,False,High,95,18.31149444352297,0.029855697462265716
NVIDIA,2013,7133,7362,442,213,229,6.2,3.0,4.13,40.6,1.8,7.4,False,High,95,3.2104303939436427,0.029861208467685404
NVIDIA,2014,7362,8808,1666,220,1446,22.6,3.0,4.68,11.2,2.5,6.2,False,High,95,19.641401792991033,0.029883183917413746
NVIDIA,2015,8808,9228,684,264,420,7.8,3.0,5.01,16.5,2.9,5.3,False,High,95,4.768392370572207,0.02997275204359673
NVIDIA,2016,9228,10299,1347,276,1071,14.6,3.0,6.91,-8.7,1.6,4.9,False,High,95,11.605981794538362,0.02990897269180754
NVIDIA,2017,10299,11528,1537,308,1229,14.9,3.0,9.71,49.6,2.4,4.4,False,High,95,11.933197397805612,0.029905816098650354
NVIDIA,2018,11528,13277,2094,345,1749,18.2,3.0,11.72,25.1,2.9,3.9,False,High,95,15.171755725190838,0.029927133934767522
NVIDIA,2019,13277,13277,398,398,0,3.0,3.0,10.92,-5.7,2.3,3.7,False,High,95,0.0,0.02997665135196204
NVIDIA,2020,13277,13775,896,398,498,6.7,3.0,16.68,-2.3,-2.8,8.1,False,High,95,3.7508473299691194,0.02997665135196204
NVIDIA,2021,13775,18975,5613,413,5200,40.7,3.0,26.91,36.6,5.8,5.4,False,High,95,37.74954627949184,0.02998185117967332
NVIDIA,2022,18975,22473,4636,1138,3498,24.4,6.0,26.91,-32.4,1.9,3.6,False,High,95,18.434782608695652,0.05997364953886693
NVIDIA,2023,22473,26196,5071,1348,3723,22.6,6.0,60.92,21.7,2.5,3.7,False,High,95,16.56654652249366,0.059983090820095224
NVIDIA,2024,26196,29600,4189,785,3404,16.0,3.0,130.5,57.4,2.8,4.1,True,Medium,85,12.994350282485875,0.029966407085051154
NVIDIA,2025,29600,36000,7288,888,6400,24.6,3.0,195.0,3.5,2.3,4.2,True,Medium,85,21.62162162162162,0.03
Netflix,2001,120,100,0,20,-20,0.0,16.7,0.08,-21.3,1.0,4.7,False,Medium,95,-16.666666666666664,0.16666666666666666
Netflix,2002,100,150,58,8,50,58.0,8.0,0.15,-23.4,1.7,5.8,False,Medium,95,50.0,0.08
Netflix,2003,150,300,154,4,150,102.7,2.7,0.27,-18.5,2.8,6.0,False,Medium,95,100.0,0.02666666666666667
Netflix,2004,300,450,159,9,150,53.0,3.0,0.51,6.7,3.8,5.5,False,Medium,95,50.0,0.03
Netflix,2005,450,985,548,13,535,121.8,2.9,0.68,12.0,3.5,5.1,False,Medium,95,118.88888888888889,0.028888888888888888
Netflix,2006,985,1200,244,29,215,24.8,2.9,1.0,42.1,2.8,4.6,False,Medium,95,21.82741116751269,0.029441624365482234
Netflix,2007,1200,1500,336,36,300,28.0,3.0,1.21,-21.7,2.0,4.6,False,Medium,95,25.0,0.03
Netflix,2008,1500,1644,264,120,144,17.6,8.0,1.36,21.2,0.1,5.8,False,Medium,95,9.6,0.08
Netflix,2009,1644,1700,187,131,56,11.4,8.0,1.67,-1.5,-2.6,9.3,False,Medium,95,3.40632603406326,0.07968369829683698
Netflix,2010,1700,2180,531,51,480,31.2,3.0,2.16,24.2,2.7,9.6,False,High,95,28.235294117647058,0.03
Netflix,2011,2180,2348,233,65,168,10.7,3.0,3.2,20.4,1.6,8.9,False,High,95,7.706422018348624,0.02981651376146789
Netflix,2012,2348,2022,0,326,-326,0.0,13.9,3.61,0.7,2.3,8.1,False,High,95,-13.884156729131176,0.13884156729131175
Netflix,2013,2022,2022,60,60,0,3.0,3.0,4.37,37.7,1.8,7.4,False,High,95,0.0,0.02967359050445104
Netflix,2014,2022,2189,227,60,167,11.2,3.0,5.5,-5.6,2.5,6.2,False,High,95,8.259149357072205,0.02967359050445104
Netflix,2015,2189,3500,1376,65,1311,62.9,3.0,6.78,-4.7,2.9,5.3,False,High,95,59.89036089538602,0.029693924166285975
Netflix,2016,3500,4700,1305,105,1200,37.3,3.0,8.83,-7.0,1.6,4.9,False,High,95,34.285714285714285,0.03
Netflix,2017,4700,5500,941,141,800,20.0,3.0,11.69,-28.4,2.4,4.4,False,High,95,17.02127659574468,0.03
Netflix,2018,5500,7100,1765,165,1600,32.1,3.0,15.79,-13.4,2.9,3.9,False,High,95,29.09090909090909,0.03
Netflix,2019,7100,8600,1713,213,1500,24.1,3.0,20.16,0.0,2.3,3.7,False,High,95,21.12676056338028,0.03
Netflix,2020,8600,9400,1058,258,800,12.3,3.0,24.99,96.9,-2.8,8.1,False,High,95,9.30232558139535,0.03
Netflix,2021,9400,11300,2182,282,1900,23.2,3.0,29.7,10.5,5.8,5.4,False,High,95,20.212765957446805,0.03
Netflix,2022,11300,12800,2178,678,1500,19.3,6.0,31.62,-46.2,1.9,3.6,False,High,95,13.274336283185843,0.06
Netflix,2023,12800,13000,968,768,200,7.6,6.0,33.72,55.2,2.5,3.7,False,High,95,1.5625,0.06
Netflix,2024,13000,14000,1390,390,1000,10.7,3.0,36.0,18.2,2.8,4.1,True,Medium,85,7.6923076923076925,0.03
Netflix,2025,14000,14500,920,420,500,6.6,3.0,38.5,-8.6,2.3,4.2,True,Medium,85,3.571428571428571,0.03
Oracle,2001,41320,42927,4912,3305,1607,11.9,8.0,10.86,29.1,1.0,4.7,False,Medium,95,3.8891577928363987,0.07998547918683446
Oracle,2002,42927,40650,1157,3434,-2277,2.7,8.0,9.67,42.1,1.7,5.8,False,Medium,95,-5.304353903137885,0.07999627274209704
Oracle,2003,40650,40000,569,1219,-650,1.4,3.0,9.48,0.9,2.8,6.0,False,Medium,95,-1.5990159901599015,0.02998769987699877
Oracle,2004,40000,49872,11072,1200,9872,27.7,3.0,10.16,14.3,3.8,5.5,False,Medium,95,24.68,0.03
Oracle,2005,49872,49872,1496,1496,0,3.0,3.0,11.8,5.0,3.5,5.1,False,Medium,95,0.0,0.029996791786974654
Oracle,2006,49872,56133,7757,1496,6261,15.6,3.0,14.38,47.8,2.8,4.6,False,Medium,95,12.554138594802694,0.029996791786974654
Oracle,2007,56133,74674,20224,1683,18541,36.0,3.0,17.99,0.1,2.0,4.6,False,Medium,95,33.03048117862933,0.029982363315696647
Oracle,2008,74674,84233,15532,5973,9559,20.8,8.0,22.43,-26.8,0.1,5.8,False,Medium,95,12.800974904250475,0.07998767978145004
Oracle,2009,84233,105000,27505,6738,20767,32.7,8.0,23.25,34.6,-2.6,9.3,False,Medium,95,24.654232901594387,0.07999240202770885
Oracle,2010,105000,105000,3150,3150,0,3.0,3.0,26.82,-0.3,2.7,9.6,False,High,95,0.0,0.03
Oracle,2011,105000,108000,6150,3150,3000,5.9,3.0,35.62,29.1,1.6,8.9,False,High,95,2.857142857142857,0.03
Oracle,2012,108000,115000,10240,3240,7000,9.5,3.0,37.12,34.5,2.3,8.1,False,High,95,6.481481481481481,0.03
Oracle,2013,115000,120000,8450,3450,5000,7.3,3.0,37.18,-24.4,1.8,7.4,False,High,95,4.3478260869565215,0.03
Oracle,2014,120000,122000,5600,3600,2000,4.7,3.0,38.28,-27.5,2.5,6.2,False,High,95,1.6666666666666667,0.03
Oracle,2015,122000,132000,13660,3660,10000,11.2,3.0,38.23,-4.3,2.9,5.3,False,High,95,8.19672131147541,0.03
Oracle,2016,132000,136000,7960,3960,4000,6.0,3.0,37.04,32.5,1.6,4.9,False,High,95,3.0303030303030303,0.03
Oracle,2017,136000,138000,6080,4080,2000,4.5,3.0,37.73,-7.5,2.4,4.4,False,High,95,1.4705882352941175,0.03
Oracle,2018,138000,137000,3140,4140,-1000,2.3,3.0,39.83,43.0,2.9,3.9,False,High,95,-0.7246376811594203,0.03
Oracle,2019,137000,136000,3110,4110,-1000,2.3,3.0,39.51,6.6,2.3,3.7,False,High,95,-0.7299270072992701,0.03
Oracle,2020,136000,136000,4080,4080,0,3.0,3.0,40.48,35.0,-2.8,8.1,False,High,95,0.0,0.03
Oracle,2021,136000,143000,11080,4080,7000,8.1,3.0,42.44,67.5,5.8,5.4,False,High,95,5.147058823529411,0.03
Oracle,2022,143000,164000,29580,8580,21000,20.7,6.0,49.95,-47.8,1.9,3.6,False,High,95,14.685314685314685,0.06
Oracle,2023,164000,159000,4840,9840,-5000,3.0,6.0,52.96,66.3,2.5,3.7,False,High,95,-3.048780487804878,0.06
Oracle,2024,159000,160000,5770,4770,1000,3.6,3.0,54.7,57.8,2.8,4.1,True,Medium,85,0.628930817610063,0.03
Oracle,2025,160000,162000,6800,4800,2000,4.2,3.0,58.0,-1.4,2.3,4.2,True,Medium,85,1.25,0.03
PayPal,2001,500,1000,540,40,500,108.0,8.0,0.05,4.0,1.0,4.7,False,Medium,95,100.0,0.08
PayPal,2002,1000,2050,1130,80,1050,113.0,8.0,0.1,15.1,1.7,5.8,False,Medium,95,105.0,0.08
PayPal,2003,2050,2500,511,61,450,24.9,3.0,0.14,-9.6,2.8,6.0,False,Medium,95,21.951219512195124,0.02975609756097561
PayPal,2004,2500,3000,575,75,500,23.0,3.0,0.23,-29.1,3.8,5.5,False,Medium,95,20.0,0.03
PayPal,2005,3000,4000,1090,90,1000,36.3,3.0,0.96,-13.5,3.5,5.1,False,Medium,95,33.33333333333333,0.03
PayPal,2006,4000,4500,620,120,500,15.5,3.0,1.4,-2.0,2.8,4.6,False,Medium,95,12.5,0.03
PayPal,2007,4500,5200,835,135,700,18.6,3.0,1.78,34.8,2.0,4.6,False,Medium,95,15.555555555555555,0.03
PayPal,2008,5200,5800,1016,416,600,19.5,8.0,2.34,42.2,0.1,5.8,False,Medium,95,11.538461538461538,0.08
PayPal,2009,5800,6300,964,464,500,16.6,8.0,2.84,13.2,-2.6,9.3,False,Medium,95,8.620689655172415,0.08
PayPal,2010,6300,6940,829,189,640,13.2,3.0,3.44,46.7,2.7,9.6,False,High,95,10.158730158730158,0.03
PayPal,2011,6940,10000,3268,208,3060,47.1,3.0,4.4,38.0,1.6,8.9,False,High,95,44.09221902017291,0.029971181556195964
PayPal,2012,10000,13000,3300,300,3000,33.0,3.0,5.63,-22.9,2.3,8.1,False,High,95,30.0,0.03
PayPal,2013,13000,14000,1390,390,1000,10.7,3.0,6.73,29.8,1.8,7.4,False,High,95,7.6923076923076925,0.03
PayPal,2014,14000,15800,2220,420,1800,15.9,3.0,7.9,41.1,2.5,6.2,False,High,95,12.857142857142856,0.03
PayPal,2015,15800,18000,2674,474,2200,16.9,3.0,9.25,25.7,2.9,5.3,False,High,95,13.924050632911392,0.03
PayPal,2016,18000,18700,1240,540,700,6.9,3.0,10.84,22.5,1.6,4.9,False,High,95,3.888888888888889,0.03
PayPal,2017,18700,21000,2861,561,2300,15.3,3.0,13.09,20.4,2.4,4.4,False,High,95,12.299465240641712,0.03
PayPal,2018,21000,23200,2830,630,2200,13.5,3.0,15.45,18.5,2.9,3.9,False,High,95,10.476190476190476,0.03
PayPal,2019,23200,23200,696,696,0,3.0,3.0,17.77,-4.6,2.3,3.7,False,High,95,0.0,0.03
PayPal,2020,23200,26500,3996,696,3300,17.2,3.0,21.45,40.0,-2.8,8.1,False,High,95,14.224137931034484,0.03
PayPal,2021,26500,30900,5195,795,4400,19.6,3.0,25.37,66.5,5.8,5.4,False,High,95,16.60377358490566,0.03
PayPal,2022,30900,30000,954,1854,-900,3.1,6.0,27.52,-38.0,1.9,3.6,False,High,95,-2.912621359223301,0.06
PayPal,2023,30000,27500,0,2500,-2500,0.0,8.3,29.77,112.5,2.5,3.7,False,High,95,-8.333333333333332,0.08333333333333333
PayPal,2024,27500,28000,1325,825,500,4.8,3.0,31.5,49.4,2.8,4.1,True,Medium,85,1.8181818181818181,0.03
PayPal,2025,28000,28500,1340,840,500,4.8,3.0,33.0,2.2,2.3,4.2,True,Medium,85,1.7857142857142856,0.03
Pinterest,2011,42,50,9,1,8,21.4,2.4,0.0,29.6,1.6,8.9,True,Medium,85,19.047619047619047,0.023809523809523808
Pinterest,2012,50,100,51,1,50,102.0,2.0,0.01,-13.9,2.3,8.1,True,Medium,85,100.0,0.02
Pinterest,2013,100,250,153,3,150,153.0,3.0,0.03,3.4,1.8,7.4,True,Medium,85,150.0,0.03
Pinterest,2014,250,500,257,7,250,102.8,2.8,0.17,44.8,2.5,6.2,True,Medium,85,100.0,0.028
Pinterest,2015,500,800,315,15,300,63.0,3.0,0.37,-25.9,2.9,5.3,True,Medium,85,60.0,0.03
Pinterest,2016,800,1300,524,24,500,65.5,3.0,0.55,-13.8,1.6,4.9,True,Medium,85,62.5,0.03
Pinterest,2017,1300,1600,339,39,300,26.1,3.0,0.47,-26.8,2.4,4.4,True,Medium,85,23.076923076923077,0.03
Pinterest,2018,1600,1900,348,48,300,21.8,3.0,0.76,-23.1,2.9,3.9,True,Medium,85,18.75,0.03
Pinterest,2019,1900,2300,457,57,400,24.1,3.0,1.14,2.1,2.3,3.7,True,Medium,85,21.052631578947366,0.03
Pinterest,2020,2300,3200,969,69,900,42.1,3.0,1.69,62.3,-2.8,8.1,True,Medium,85,39.130434782608695,0.03
Pinterest,2021,3200,3700,596,96,500,18.6,3.0,2.58,62.1,5.8,5.4,True,Medium,85,15.625,0.03
Pinterest,2022,3700,4100,622,222,400,16.8,6.0,2.8,-53.7,1.9,3.6,True,Medium,85,10.81081081081081,0.06
Pinterest,2023,4100,3400,0,700,-700,0.0,17.1,3.03,73.2,2.5,3.7,True,Medium,85,-17.073170731707318,0.17073170731707318
Pinterest,2024,3400,3500,202,102,100,5.9,3.0,3.6,5.4,2.8,4.1,True,Medium,85,2.941176470588235,0.03
Pinterest,2025,3500,3600,205,105,100,5.9,3.0,4.0,1.4,2.3,4.2,True,Medium,85,2.857142857142857,0.03
SAP,2001,24000,26700,4620,1920,2700,19.2,8.0,7.34,16.2,1.0,4.7,False,Medium,95,11.25,0.08
SAP,2002,26700,28800,4236,2136,2100,15.9,8.0,7.41,1.6,1.7,5.8,False,Medium,95,7.865168539325842,0.08
SAP,2003,28800,30000,2064,864,1200,7.2,3.0,8.52,38.1,2.8,6.0,False,Medium,95,4.166666666666666,0.03
SAP,2004,30000,32100,3000,900,2100,10.0,3.0,9.04,47.5,3.8,5.5,False,Medium,95,7.000000000000001,0.03
SAP,2005,32100,32000,863,963,-100,2.7,3.0,10.02,43.3,3.5,5.1,False,Medium,95,-0.3115264797507788,0.03
SAP,2006,32000,36000,4960,960,4000,15.5,3.0,12.29,-8.1,2.8,4.6,False,Medium,95,12.5,0.03
SAP,2007,36000,42000,7080,1080,6000,19.7,3.0,14.3,20.5,2.0,4.6,False,Medium,95,16.666666666666664,0.03
SAP,2008,42000,51500,12860,3360,9500,30.6,8.0,16.11,-14.2,0.1,5.8,False,Medium,95,22.61904761904762,0.08
SAP,2009,51500,47560,180,4120,-3940,0.3,8.0,14.19,43.8,-2.6,9.3,False,Medium,95,-7.650485436893203,0.08
SAP,2010,47560,51500,5366,1426,3940,11.3,3.0,16.1,24.3,2.7,9.6,False,High,95,8.284272497897392,0.02998317914213625
SAP,2011,51500,55000,5045,1545,3500,9.8,3.0,18.87,-13.4,1.6,8.9,False,High,95,6.796116504854369,0.03
SAP,2012,55000,64400,11050,1650,9400,20.1,3.0,20.79,-1.8,2.3,8.1,False,High,95,17.09090909090909,0.03
SAP,2013,64400,66500,4032,1932,2100,6.3,3.0,22.31,39.7,1.8,7.4,False,High,95,3.260869565217391,0.03
SAP,2014,66500,74400,9895,1995,7900,14.9,3.0,23.31,22.9,2.5,6.2,False,High,95,11.879699248120302,0.03
SAP,2015,74400,77000,4832,2232,2600,6.5,3.0,24.87,-20.2,2.9,5.3,False,High,95,3.494623655913978,0.03
SAP,2016,77000,84200,9510,2310,7200,12.4,3.0,26.41,3.3,1.6,4.9,False,High,95,9.35064935064935,0.03
SAP,2017,84200,88500,6826,2526,4300,8.1,3.0,28.92,-25.9,2.4,4.4,False,High,95,5.10688836104513,0.03
SAP,2018,88500,96498,10653,2655,7998,12.0,3.0,30.85,23.1,2.9,3.9,False,High,95,9.03728813559322,0.03
SAP,2019,96498,100330,6726,2894,3832,7.0,3.0,31.56,0.7,2.3,3.7,False,High,95,3.9710667578602665,0.029990258865468713
SAP,2020,100330,102430,5109,3009,2100,5.1,3.0,27.34,32.8,-2.8,8.1,False,High,95,2.0930927937805244,0.02999102960231237
SAP,2021,102430,107415,8057,3072,4985,7.9,3.0,28.23,32.2,5.8,5.4,False,High,95,4.8667382602753095,0.029991213511666504
SAP,2022,107415,111961,10990,6444,4546,10.2,6.0,30.87,-39.6,1.9,3.6,False,High,95,4.232183587022297,0.059991621281943866
SAP,2023,111961,110293,5049,6717,-1668,4.5,6.0,33.31,51.7,2.5,3.7,False,High,95,-1.4898044854904833,0.059994105090165326
SAP,2024,110293,110000,3015,3308,-293,2.7,3.0,36.0,58.5,2.8,4.1,True,Medium,85,-0.26565602531438987,0.02999283726075091
SAP,2025,110000,111000,4300,3300,1000,3.9,3.0,38.5,26.3,2.3,4.2,True,Medium,85,0.9090909090909091,0.03
Salesforce,2001,40,150,113,3,110,282.5,7.5,0.02,13.5,1.0,4.7,False,Medium,95,275.0,0.075
Salesforce,2002,150,300,162,12,150,108.0,8.0,0.05,38.9,1.7,5.8,False,Medium,95,100.0,0.08
Salesforce,2003,300,500,209,9,200,69.7,3.0,0.1,43.3,2.8,6.0,False,Medium,95,66.66666666666666,0.03
Salesforce,2004,500,750,265,15,250,53.0,3.0,0.18,-5.8,3.8,5.5,False,Medium,95,50.0,0.03
Salesforce,2005,750,767,39,22,17,5.2,2.9,0.31,31.7,3.5,5.1,False,Medium,95,2.2666666666666666,0.029333333333333333
Salesforce,2006,767,1200,456,23,433,59.5,3.0,0.5,30.1,2.8,4.6,False,Medium,95,56.45371577574967,0.02998696219035202
Salesforce,2007,1200,2100,936,36,900,78.0,3.0,0.75,10.5,2.0,4.6,False,Medium,95,75.0,0.03
Salesforce,2008,2100,2600,668,168,500,31.8,8.0,1.08,9.8,0.1,5.8,False,Medium,95,23.809523809523807,0.08
Salesforce,2009,2600,3200,808,208,600,31.1,8.0,1.31,-7.0,-2.6,9.3,False,Medium,95,23.076923076923077,0.08
Salesforce,2010,3200,3969,865,96,769,27.0,3.0,1.66,22.1,2.7,9.6,False,High,95,24.03125,0.03
Salesforce,2011,3969,5306,1456,119,1337,36.7,3.0,2.27,-27.5,1.6,8.9,False,High,95,33.68606701940035,0.029982363315696647
Salesforce,2012,5306,7785,2638,159,2479,49.7,3.0,3.05,19.4,2.3,8.1,False,High,95,46.72069355446664,0.02996607614021862
Salesforce,2013,7785,9800,2248,233,2015,28.9,3.0,4.07,0.7,1.8,7.4,False,High,95,25.88310854206808,0.029929351316634555
Salesforce,2014,9800,13300,3794,294,3500,38.7,3.0,5.37,20.8,2.5,6.2,False,High,95,35.714285714285715,0.03
Salesforce,2015,13300,16000,3099,399,2700,23.3,3.0,6.67,-5.2,2.9,5.3,False,High,95,20.30075187969925,0.03
Salesforce,2016,16000,19000,3480,480,3000,21.8,3.0,8.39,-4.0,1.6,4.9,False,High,95,18.75,0.03
Salesforce,2017,19000,25178,6748,570,6178,35.5,3.0,10.48,-12.7,2.4,4.4,False,High,95,32.51578947368421,0.03
Salesforce,2018,25178,29000,4577,755,3822,18.2,3.0,13.28,44.5,2.9,3.9,False,High,95,15.179918976884583,0.029986496147430295
Salesforce,2019,29000,35000,6870,870,6000,23.7,3.0,17.1,48.9,2.3,3.7,False,High,95,20.689655172413794,0.03
Salesforce,2020,35000,56606,22656,1050,21606,64.7,3.0,21.25,0.2,-2.8,8.1,False,High,95,61.73142857142857,0.03
Salesforce,2021,56606,73541,18633,1698,16935,32.9,3.0,26.49,41.9,5.8,5.4,False,High,95,29.917323251952087,0.02999682012507508
Salesforce,2022,73541,79390,10261,4412,5849,14.0,6.0,31.35,-37.0,1.9,3.6,False,High,95,7.953386546280307,0.05999374498579024
Salesforce,2023,79390,72682,0,6708,-6708,0.0,8.4,34.86,74.7,2.5,3.7,False,High,95,-8.449426879959693,0.08449426879959693
Salesforce,2024,72682,72320,1818,2180,-362,2.5,3.0,37.5,-3.5,2.8,4.1,True,Medium,85,-0.4980600423763793,0.029993671060234997
Salesforce,2025,72320,72000,1849,2169,-320,2.6,3.0,40.0,22.3,2.3,4.2,True,Medium,85,-0.4424778761061947,0.029991703539823007
Shopify,2006,8,10,2,0,2,25.0,0.0,0.0,-6.5,2.8,4.6,False,Medium,95,25.0,0.0
Shopify,2007,10,20,10,0,10,100.0,0.0,0.01,-3.9,2.0,4.6,False,Medium,95,100.0,0.0
Shopify,2008,20,30,11,1,10,55.0,5.0,0.01,42.6,0.1,5.8,False,Medium,95,50.0,0.05
Shopify,2009,30,40,12,2,10,40.0,6.7,0.02,-18.3,-2.6,9.3,False,Medium,95,33.33333333333333,0.06666666666666667
Shopify,2010,40,60,21,1,20,52.5,2.5,0.04,-8.6,2.7,9.6,False,High,95,50.0,0.025
Shopify,2011,60,100,41,1,40,68.3,1.7,0.06,22.0,1.6,8.9,False,High,95,66.66666666666666,0.016666666666666666
Shopify,2012,100,150,53,3,50,53.0,3.0,0.1,21.9,2.3,8.1,False,High,95,50.0,0.03
Shopify,2013,150,250,104,4,100,69.3,2.7,0.19,-25.4,1.8,7.4,False,High,95,66.66666666666666,0.02666666666666667
Shopify,2014,250,450,207,7,200,82.8,2.8,0.37,28.8,2.5,6.2,False,High,95,80.0,0.028
Shopify,2015,450,1000,563,13,550,125.1,2.9,0.67,-1.2,2.9,5.3,False,High,95,122.22222222222223,0.028888888888888888
Shopify,2016,1000,1900,930,30,900,93.0,3.0,1.07,38.4,1.6,4.9,False,High,95,90.0,0.03
Shopify,2017,1900,3500,1657,57,1600,87.2,3.0,1.58,25.0,2.4,4.4,False,High,95,84.21052631578947,0.03
Shopify,2018,3500,5000,1605,105,1500,45.9,3.0,2.07,25.9,2.9,3.9,False,High,95,42.857142857142854,0.03
Shopify,2019,5000,5000,150,150,0,3.0,3.0,2.93,20.2,2.3,3.7,False,High,95,0.0,0.03
Shopify,2020,5000,7000,2150,150,2000,43.0,3.0,4.61,15.6,-2.8,8.1,False,High,95,40.0,0.03
Shopify,2021,7000,10000,3210,210,3000,45.9,3.0,5.6,30.8,5.8,5.4,False,High,95,42.857142857142854,0.03
Shopify,2022,10000,11600,2200,600,1600,22.0,6.0,5.6,-48.0,1.9,3.6,False,High,95,16.0,0.06
Shopify,2023,11600,10000,0,1600,-1600,0.0,13.8,7.06,109.9,2.5,3.7,False,High,95,-13.793103448275861,0.13793103448275862
Shopify,2024,10000,10500,800,300,500,8.0,3.0,7.9,0.1,2.8,4.1,True,Medium,85,5.0,0.03
Shopify,2025,10500,11000,815,315,500,7.8,3.0,8.8,-6.8,2.3,4.2,True,Medium,85,4.761904761904762,0.03
Snap,2012,25,30,5,0,5,20.0,0.0,0.0,39.4,2.3,8.1,True,Medium,85,20.0,0.0
Snap,2013,30,100,70,0,70,233.3,0.0,0.0,-21.4,1.8,7.4,True,Medium,85,233.33333333333334,0.0
Snap,2014,100,330,233,3,230,233.0,3.0,0.0,47.7,2.5,6.2,True,Medium,85,229.99999999999997,0.03
Snap,2015,330,815,494,9,485,149.7,2.7,0.06,-5.1,2.9,5.3,True,Medium,85,146.96969696969697,0.02727272727272727
Snap,2016,815,1859,1068,24,1044,131.0,2.9,0.4,6.9,1.6,4.9,True,Medium,85,128.09815950920245,0.029447852760736196
Snap,2017,1859,3069,1265,55,1210,68.0,3.0,0.83,2.2,2.4,4.4,True,Medium,85,65.08875739644971,0.029585798816568046
Snap,2018,3069,3100,123,92,31,4.0,3.0,1.18,-16.8,2.9,3.9,True,Medium,85,1.0101010101010102,0.029977191267513848
Snap,2019,3100,3863,856,93,763,27.6,3.0,1.72,32.5,2.3,3.7,True,Medium,85,24.612903225806452,0.03
Snap,2020,3863,4952,1204,115,1089,31.2,3.0,2.51,26.4,-2.8,8.1,True,Medium,85,28.19052549831737,0.02976960911208905
Snap,2021,4952,6446,1642,148,1494,33.2,3.0,4.12,31.5,5.8,5.4,True,Medium,85,30.16962843295638,0.02988691437802908
Snap,2022,6446,6446,386,386,0,6.0,6.0,4.6,-20.4,1.9,3.6,True,Medium,85,0.0,0.05988209742475954
Snap,2023,6446,5661,0,785,-785,0.0,12.2,4.6,63.9,2.5,3.7,True,Medium,85,-12.178094942600062,0.12178094942600062
Snap,2024,5661,5500,8,169,-161,0.1,3.0,5.4,-3.4,2.8,4.1,True,Medium,85,-2.8440204910793145,0.029853382794559267
Snap,2025,5500,5600,265,165,100,4.8,3.0,5.8,16.6,2.3,4.2,True,Medium,85,1.8181818181818181,0.03
Stripe,2011,8,10,2,0,2,25.0,0.0,0.01,46.4,1.6,8.9,True,Medium,85,25.0,0.0
Stripe,2012,10,40,30,0,30,300.0,0.0,0.05,41.2,2.3,8.1,True,Medium,85,300.0,0.0
Stripe,2013,40,100,61,1,60,152.5,2.5,0.2,12.1,1.8,7.4,True,Medium,85,150.0,0.025
Stripe,2014,100,250,153,3,150,153.0,3.0,0.45,26.0,2.5,6.2,True,Medium,85,150.0,0.03
Stripe,2015,250,500,257,7,250,102.8,2.8,0.9,8.4,2.9,5.3,True,Medium,85,100.0,0.028
Stripe,2016,500,800,315,15,300,63.0,3.0,1.5,-12.3,1.6,4.9,True,Medium,85,60.0,0.03
Stripe,2017,800,1500,724,24,700,90.5,3.0,2.5,31.1,2.4,4.4,True,Medium,85,87.5,0.03
Stripe,2018,1500,2000,545,45,500,36.3,3.0,4.0,-3.0,2.9,3.9,True,Medium,85,33.33333333333333,0.03
Stripe,2019,2000,2800,860,60,800,43.0,3.0,5.5,22.6,2.3,3.7,True,Medium,85,40.0,0.03
Stripe,2020,2800,3800,1084,84,1000,38.7,3.0,7.4,9.8,-2.8,8.1,True,Medium,85,35.714285714285715,0.03
Stripe,2021,3800,7000,3314,114,3200,87.2,3.0,12.0,74.6,5.8,5.4,True,Medium,85,84.21052631578947,0.03
Stripe,2022,7000,8000,1420,420,1000,20.3,6.0,13.5,-32.0,1.9,3.6,True,Medium,85,14.285714285714285,0.06
Stripe,2023,8000,7400,0,600,-600,0.0,7.5,14.4,78.1,2.5,3.7,True,Medium,85,-7.5,0.075
Stripe,2024,7400,8000,822,222,600,11.1,3.0,16.5,14.8,2.8,4.1,True,Medium,85,8.108108108108109,0.03
Stripe,2025,8000,8500,740,240,500,9.2,3.0,18.5,-1.5,2.3,4.2,True,Medium,85,6.25,0.03
Tesla,2004,42,50,9,1,8,21.4,2.4,0.0,-4.3,3.8,5.5,False,Medium,95,19.047619047619047,0.023809523809523808
Tesla,2005,50,150,101,1,100,202.0,2.0,0.0,18.4,3.5,5.1,False,Medium,95,200.0,0.02
Tesla,2006,150,250,104,4,100,69.3,2.7,0.0,8.3,2.8,4.6,False,Medium,95,66.66666666666666,0.02666666666666667
Tesla,2007,250,350,107,7,100,42.8,2.8,0.0,-26.2,2.0,4.6,False,Medium,95,40.0,0.028
Tesla,2008,350,500,178,28,150,50.9,8.0,0.01,45.4,0.1,5.8,False,Medium,95,42.857142857142854,0.08
Tesla,2009,500,514,54,40,14,10.8,8.0,0.11,12.3,-2.6,9.3,False,Medium,95,2.8000000000000003,0.08
Tesla,2010,514,899,400,15,385,77.8,2.9,0.12,-19.8,2.7,9.6,False,High,95,74.90272373540856,0.029182879377431907
Tesla,2011,899,1417,544,26,518,60.5,2.9,0.2,7.2,1.6,8.9,False,High,95,57.61957730812013,0.028921023359288096
Tesla,2012,1417,2964,1589,42,1547,112.1,3.0,0.41,42.4,2.3,8.1,False,High,95,109.1743119266055,0.029640084685956247
Tesla,2013,2964,5859,2983,88,2895,100.6,3.0,2.01,-21.2,1.8,7.4,False,High,95,97.67206477732793,0.029689608636977057
Tesla,2014,5859,10161,4477,175,4302,76.4,3.0,3.2,-7.9,2.5,6.2,False,High,95,73.42549923195084,0.02986857825567503
Tesla,2015,10161,13058,3201,304,2897,31.5,3.0,4.05,8.0,2.9,5.3,False,High,95,28.51097332939671,0.02991831512646393
Tesla,2016,13058,17782,5115,391,4724,39.2,3.0,7.0,-13.8,1.6,4.9,False,High,95,36.17705621075203,0.029943329759534384
Tesla,2017,17782,37543,20294,533,19761,114.1,3.0,11.76,34.2,2.4,4.4,False,High,95,111.12923180744573,0.029974131143853333
Tesla,2018,37543,48817,12400,1126,11274,33.0,3.0,21.46,-22.8,2.9,3.9,False,High,95,30.029566097541487,0.029992275524065738
Tesla,2019,48817,48016,663,1464,-801,1.4,3.0,24.58,15.1,2.3,3.7,False,High,95,-1.6408218448491305,0.029989552819714445
Tesla,2020,48016,70757,24181,1440,22741,50.4,3.0,31.54,-6.1,-2.8,8.1,False,High,95,47.361296234588465,0.02999000333222259
Tesla,2021,70757,99290,30655,2122,28533,43.3,3.0,53.82,17.8,5.8,5.4,False,High,95,40.32533883573357,0.029989965657108132
Tesla,2022,99290,127855,34522,5957,28565,34.8,6.0,81.46,-35.1,1.9,3.6,False,High,95,28.769261758485243,0.05999597139691812
Tesla,2023,127855,140473,20289,7671,12618,15.9,6.0,96.77,83.6,2.5,3.7,False,High,95,9.868992217746667,0.05999765359195964
Tesla,2024,140473,140473,4214,4214,0,3.0,3.0,97.0,30.4,2.8,4.1,True,Medium,85,0.0,0.029998647426907662
Tesla,2025,140473,138000,1741,4214,-2473,1.2,3.0,110.0,21.9,2.3,4.2,True,Medium,85,-1.7604806617641824,0.029998647426907662
Uber,2010,8,10,2,0,2,25.0,0.0,0.0,31.0,2.7,9.6,False,High,95,25.0,0.0
Uber,2011,10,50,40,0,40,400.0,0.0,0.01,14.7,1.6,8.9,False,High,95,400.0,0.0
Uber,2012,50,200,151,1,150,302.0,2.0,0.1,12.3,2.3,8.1,False,High,95,300.0,0.02
Uber,2013,200,500,306,6,300,153.0,3.0,0.35,15.9,1.8,7.4,False,High,95,150.0,0.03
Uber,2014,500,2000,1515,15,1500,303.0,3.0,0.5,-4.2,2.5,6.2,False,High,95,300.0,0.03
Uber,2015,2000,6700,4760,60,4700,238.0,3.0,1.5,37.7,2.9,5.3,False,High,95,235.0,0.03
Uber,2016,6700,11000,4501,201,4300,67.2,3.0,3.85,30.0,1.6,4.9,False,High,95,64.17910447761194,0.03
Uber,2017,11000,16000,5330,330,5000,48.5,3.0,7.93,26.7,2.4,4.4,False,High,95,45.45454545454545,0.03
Uber,2018,16000,22263,6743,480,6263,42.1,3.0,11.27,16.7,2.9,3.9,False,High,95,39.14375,0.03
Uber,2019,22263,26900,5304,667,4637,23.8,3.0,14.15,48.6,2.3,3.7,False,High,95,20.82828010600548,0.02996002335713965
Uber,2020,26900,23200,0,3700,-3700,0.0,13.8,11.14,-8.5,-2.8,8.1,False,High,95,-13.754646840148698,0.137546468401487
Uber,2021,23200,29300,6796,696,6100,29.3,3.0,17.46,17.6,5.8,5.4,False,High,95,26.29310344827586,0.03
Uber,2022,29300,32200,4658,1758,2900,15.9,6.0,31.88,-32.5,1.9,3.6,False,High,95,9.897610921501707,0.06
Uber,2023,32200,32200,1932,1932,0,6.0,6.0,37.28,91.6,2.5,3.7,False,High,95,0.0,0.06
Uber,2024,32200,33500,2266,966,1300,7.0,3.0,43.0,-5.2,2.8,4.1,True,Medium,85,4.037267080745342,0.03
Uber,2025,33500,34500,2005,1005,1000,6.0,3.0,48.0,24.1,2.3,4.2,True,Medium,85,2.9850746268656714,0.03
X (Twitter),2006,8,10,2,0,2,25.0,0.0,0.0,-28.7,2.8,4.6,False,Medium,95,25.0,0.0
X (Twitter),2007,10,20,10,0,10,100.0,0.0,0.0,-17.6,2.0,4.6,False,Medium,95,100.0,0.0
X (Twitter),2008,20,50,31,1,30,155.0,5.0,0.0,-21.4,0.1,5.8,False,Medium,95,150.0,0.05
X (Twitter),2009,50,150,104,4,100,208.0,8.0,0.02,29.0,-2.6,9.3,False,Medium,95,200.0,0.08
X (Twitter),2010,150,300,154,4,150,102.7,2.7,0.03,-26.5,2.7,9.6,False,High,95,100.0,0.02666666666666667
X (Twitter),2011,300,600,309,9,300,103.0,3.0,0.11,-20.0,1.6,8.9,False,High,95,100.0,0.03
X (Twitter),2012,600,900,318,18,300,53.0,3.0,0.32,-27.1,2.3,8.1,False,High,95,50.0,0.03
X (Twitter),2013,900,2300,1427,27,1400,158.6,3.0,0.66,24.9,1.8,7.4,False,High,95,155.55555555555557,0.03
X (Twitter),2014,2300,3300,1069,69,1000,46.5,3.0,1.4,-0.0,2.5,6.2,False,High,95,43.47826086956522,0.03
X (Twitter),2015,3300,3900,699,99,600,21.2,3.0,2.22,-6.7,2.9,5.3,False,High,95,18.181818181818183,0.03
X (Twitter),2016,3900,3583,0,317,-317,0.0,8.1,2.53,10.7,1.6,4.9,False,High,95,-8.128205128205128,0.08128205128205128
X (Twitter),2017,3583,3200,0,383,-383,0.0,10.7,2.44,-12.4,2.4,4.4,False,High,95,-10.689366452693273,0.10689366452693273
X (Twitter),2018,3200,3900,796,96,700,24.9,3.0,3.04,26.8,2.9,3.9,False,High,95,21.875,0.03
X (Twitter),2019,3900,4900,1117,117,1000,28.6,3.0,3.46,8.7,2.3,3.7,False,High,95,25.64102564102564,0.03
X (Twitter),2020,4900,5800,1047,147,900,21.4,3.0,3.72,54.6,-2.8,8.1,False,High,95,18.367346938775512,0.03
X (Twitter),2021,5800,7500,1874,174,1700,32.3,3.0,5.08,36.4,5.8,5.4,False,High,95,29.310344827586203,0.03
X (Twitter),2022,7500,8000,950,450,500,12.7,6.0,4.4,-45.8,1.9,3.6,False,High,95,6.666666666666667,0.06
X (Twitter),2023,8000,1500,0,6500,-6500,0.0,81.2,3.4,22.0,2.5,3.7,False,High,95,-81.25,0.8125
X (Twitter),2024,1500,1600,145,45,100,9.7,3.0,3.8,46.0,2.8,4.1,True,Medium,85,6.666666666666667,0.03
X (Twitter),2025,1600,1700,148,48,100,9.2,3.0,4.2,-1.3,2.3,4.2,True,Medium,85,6.25,0.03
